post_url,username,created_on,Alt_Text,collected_at
https://www.instagram.com/p/CabZjJlowqr/,???? ?????," February 25, 2022", an image of ?one or more people and ?text that says '??? ????# ????? ?????? ?????? ????? ??? ????? ?????? ??????- ??? ?????? ????? ??????? ??? ??? ??? ?? ??? ??? ?????? ?? ???? ????? ??? ??? ????????'??.,3/7/2022 6:49
https://www.instagram.com/p/CaSyH14r2tw/,???? ?????," February 22, 2022", an image of one or more people.,3/7/2022 6:49
https://www.instagram.com/p/CabeLkbo17A/,???? ?????," February 25, 2022", an image of one or more people and text.,3/7/2022 6:49
https://www.instagram.com/p/CZwaT_oog27/,???? ?????," February 09, 2022", an image of one or more people and text.,3/7/2022 6:49
https://www.instagram.com/p/CalRCSaIgrL/,??? ???? ?????? ??? ????? ????, Sabah Al-Ahmed ???? ??????," an image of ?text that says '??????? ?????? -1 ???????? ????? ?????? ????? ?????? -2 ????? ??????? ?????? D4 ???????? ??????? ?? ???? ?????? ???????? ? ?????? ??????? ????? ???? ?????? ????? ?????? ??? ?????? ?? ???? ??????? ????? ????? /???? ?????? ???? ??????? CENTER ???? ????? ?????? ??????? ???? 99323918/,99323984 ??? ????? ???? ?????? @souq.sbh souq.sbh GSI ??????? ???????? ???????? ???? ????? ???? 98762299-88?'?.",3/7/2022 6:49
https://www.instagram.com/p/CalP1F4otv8/,??? ???? ?????? ??? ????? ????, Sabah Al-Ahmed ???? ??????, an image of ?one or more people and ?text that says '??????? ?????? -1 ???????? ????? ?????? ????? ?????? -2 ????? ??????? ?????? D4 ??? ??? ???? ?? ???? ?????? ??????? GENTER GSI ??????? ???????? ???????? ???? ????? ???? 98762299-88 S ??? ????? ???? ?????? @souq.sbh souq.sbh?'??.,3/7/2022 6:49
https://www.instagram.com/p/CalPvspIsU0/,??? ???? ?????? ??? ????? ????, Sabah Al-Ahmed ???? ??????, an image of ?text that says '??? 3/3 ??? 4/3 4/3 ??? 1144 ??? ????? ???? ?????? @souq.sbh ????? ???? 4x4 ????? ??????? ??? 50981315/ ??? ??????'?.,3/7/2022 6:49
https://www.instagram.com/p/CalPf7Po5bH/,??? ???? ?????? ??? ????? ????, Sabah Al-Ahmed ???? ??????, an image of ?indoor and ?text that says '?S ??? ????? ???? ?????? @souq.sbh?'??.,3/7/2022 6:49
https://www.instagram.com/p/CalPUyCIFtV/,??? ???? ?????? ??? ????? ????, ???? ??????," an image of ?bicycle and ?text that says '?ABDULLA A/C Cleaning,Ga Filling & Filter Cleaning Plumbing orks,Electrical Works House Cleaning (OutSide) ?????? ?????? ????? ????? ???????? ????? ????????? ??????? ????? ???? (?????? ??) ?????? ????? 2 664 77/99?'??.",3/7/2022 6:49
https://www.instagram.com/p/CalPPiSI7k2/,??? ???? ?????? ??? ????? ????, ???? ??????, an image of cat.,3/7/2022 6:49
https://www.instagram.com/p/CalOKC1I7fU/,??? ???? ?????? ??? ????? ????," March 01, 2022",,3/7/2022 6:49
https://www.instagram.com/p/CalOE31oo2f/,??? ???? ?????? ??? ????? ????, ???? ??????, an image of ?text that says '?1 ???????? ????? ?????? ????? ?????? -2 ????? ??????? ?????? D4 ?????? ????? ?????? ?????? ?? ???? ?????? ???? ???????: ???????? ???????? GENTER GSI ??????? ???????? ???????? ???? ????? ???? 98762299-88 S ??? ????? ???? ?????? @souq.sbh souqsh?'?.,3/7/2022 6:49
https://www.instagram.com/p/CalN8fnIXaF/,??? ???? ?????? ??? ????? ????, Sabah Al-Ahmed ???? ??????, an image of ?text that says '??????? ?????? -1 ???????? ????? ?????? ????? ?????? -2 ????? ??????? ?????? D4 ???? ????? ??? ??????? ?? ???? ?????? GENTER GSI ??????? ???????? ???????? ???? ????? ???? 98762299-88 S ??? ????? ???? ?????? @souq.sbh souq.sbh?'?.,3/7/2022 6:49
https://www.instagram.com/p/CalNcUKIFH5/,??? ???? ?????? ??? ????? ????," March 01, 2022",,3/7/2022 6:49
https://www.instagram.com/p/CalLzWyoPSI/,??? ???? ?????? ??? ????? ????, Sabah Al-Ahmed ???? ??????, an image of ?text that says '??????? ?????? -1 ???????? ????? ?????? ????? ?????? -2 ????? ??????? ?????? D4 ????? ???? ???? ???? ?????? ??????? 55532239 GENTER GSI ??????? ???????? ???????? ???? ????? ???? 98762299-88 S ??? ????? ???? ?????? @souq.sbh souq.sbh?'?.,3/7/2022 6:49
https://www.instagram.com/p/CalKJLoIWcj/,??????? ???? ???? ???? ???," March 01, 2022", an image of ?indoor and ?text that says '?51133811 ????'??.,3/7/2022 6:49
https://www.instagram.com/p/CalKGl0IVww/,??????? ???? ???? ???? ???," March 01, 2022"," an image of furniture, indoor and text.",3/7/2022 6:49
https://www.instagram.com/p/CalKCmkITuS/,??????? ???? ???? ???? ???," March 01, 2022"," an image of ?furniture, indoor and ?text that says '?1 51133811 ?????????'??.",3/7/2022 6:49
