username,userid,profile_location,created_at,text,retweet_count,source,coordinates
???? Online,1.36491E+18,Syria Idlib,2/5/2022 21:47,"#?????? 
????? ????? .. 
???.?????? ???.?? ???.??? ??????? ????? ??????? ??????? ????????? ????? ???????.?? ?? ????… https://t.co/AEJ1D5WkoY",1,Twitter for Android,
????? ???,7.14892E+17,Syrian Arab Republic,2/5/2022 16:55,"""????.??""  ???.???? 13 ??? ?? ???? ??? ??????? ???? ??????.. ???? ????.????

???????? ?????https://t.co/BBd1du6B4g",0,TweetDeck,
???? ????,1.3747E+18,Aleppo,2/5/2022 15:50,"#????_?????? || ???? ""???"" ???? ???? ????? ????? ?? ???? ??? ????? ??? ????? ????????? ?? ???? ??? ?????? ????????… https://t.co/Zyql1LM6Uo",31,Twitter Web App,
???? ????,1.3747E+18,Aleppo,2/5/2022 15:41,"#????_?????? || ???? ""???"" ????? ???? ??????? ???? ?????? ??????? ??????? ?? ?????? ??????? ???? ???? ??????? ?????? ?? ??????.
#??????",29,Twitter Web App,
???? ???? ?????????,3160279294,Syrian Arab Republic,2/5/2022 15:07,"#????? #?????? 
?????? #??? ???? ?????? ??? ???? #??????? ????? ????? ??????? ?? ????? ???? ?????? ?????? ????? ???… https://t.co/qVrT1ZZ0m7",10,Twitter for iPhone,
???? ???????????? ?????????,1.09885E+18,Syrian Arab Republic,2/5/2022 14:56,"#??????????

""????? ????? ????"" ?????? ??????? ""????"" ??????? ?? ????? ???????? ?????????? ?? ???? ???????
_
?????… https://t.co/NObgoBZGLK",0,Twitter for Android,
????? ?????? ???????,2786983077,"Gaziantep, Türkiye",2/5/2022 12:00,"???? 3 ????? ?? ??? ????? ?? ??????
https://t.co/Y25a7lggv5",0,Twitter Web App,
????? ???,7.14892E+17,Syrian Arab Republic,2/5/2022 11:04,"?????? ?????? ????????? ???? ???? ???? ??? ???? ""????? ???"" (20 ????) ?? ????? ?? ???? ?? ?????? ?????? ????? ????… https://t.co/3S2UpbNyVM",0,TweetDeck,
???? ????,1.3747E+18,Aleppo,2/5/2022 9:08,"#????_?????? || ????.??? ????? ????? ??????? ???? ??? ??????? ?????? ?? ???? ??? ?????? ??????  ???? ""???"" ???? ???… https://t.co/rH5xTBvnvA",34,Twitter for Android,
???? ???? ?????????,3160279294,Syrian Arab Republic,2/5/2022 8:31,"#????? #?????? 
#??? ????? ???? ?????? ?????? ?? ???? ??? #??????? ?????? ??? #?????? ?? ????? #??????? ??? ???????… https://t.co/sQHBjzwxMb",6,Twitter for iPhone,
??????? ??????? ??????? - ???,9.6312E+17,Syrian Arab Republic,2/5/2022 8:27,"????? ????? ???? ????? #??? ????? ???????? ????????? ????????? ?? #??????.. ??????????
 https://t.co/tpyj48CC3C",0,Twitter for Android,
???? ????,1.3747E+18,Aleppo,2/5/2022 6:46,"#????_?????? || ???? ???.??? ?????? ?????? ??????? ????? ""???"" ??? ????? ?? ?????? ?????? ??????
#??????",32,Twitter for Android,
???? ????,1.3747E+18,Aleppo,2/5/2022 6:28,"#????_?????? || ???.??? 4 ????? ?? ???? ""???"" ????.??? ??????? ??? ???? ??????? ????? ??????.
#??????",30,Twitter for Android,
Afrin center,3435747707,Afrin,2/4/2022 23:53,#????? ?????? https://t.co/JvZQTR4EUq,0,Twitter for Android,
???? ????,1.09907E+18,?????,2/4/2022 20:49,"?? ???? ??? ???? ???? ???? ????? ???? ??????  ?????? ?? ??? ????? ???? ??? ??? ??????? ?? ????? ?????? 
???? ??? ??… https://t.co/1p1lDYDVUt",0,Twitter for iPhone,
???? ???? ?????????,3160279294,Syrian Arab Republic,2/4/2022 20:01,"#????|| ???? ?????? ""?????. ??????"" ???? 4 ???? ?? ?????? #??? ???????? ?????? ??????? ??? ???? #??????? ?????? ???… https://t.co/uX7ExteOVZ",9,Twitter for iPhone,
Yazan19841984,1.16787E+18,?????,2/4/2022 18:27,"@qx_obaid1 @Hanzpal2 ????? ????? ??? ??? ??????? ?????? ????? .
??? ??? ??? ??? ???? ???????? ??? ???? ?????? ?????… https://t.co/fmJpqqkEe8",0,Twitter for Android,
?????????????? #????????????_????????????_????????,1.08163E+18,Syria,2/4/2022 0:08,"#??????: ??????? ??????: ???? ???? ?? 350 ?? ????? ""????"" ????????? ?? ??? ?????? ?? ????? ????? ?????? ??????",3,Twitter for iPhone,
Lilian Maarouf,1.33273E+18,?????,2/3/2022 22:19,"?????? ???????? ????????? ?? ??????? ???? ???? ??? ???????? ??????? ?????? ??????? ??????? ??? ???? ????? ????? ???… https://t.co/TFEnDWRpQ7",8,Twitter for Android,
???? ????,1.32682E+18,Syria_Idleb,2/3/2022 17:54,"????? ?????? ??????? ????? ??? ???? ?????? ???? ?????? ????? ????? ?????? ???? ????? ?????
?????? ?????? ??? ??????… https://t.co/A7Vv6IfMV2",1,Twitter for Android,
??????? ??????? ??????? - ???,9.6312E+17,Syrian Arab Republic,2/3/2022 17:18,"???? | ????? ????? ?????? ?????? ????? ????? ???????? ""#???"" ?????? ?? ???? ???? ???? ?????? ????? #?????? (???? ??… https://t.co/EvSDtIKTFR",0,Twitter Web App,
???? ????,1.3747E+18,Aleppo,2/3/2022 16:34,"#????_?????? || ???? ""???"" ???? ?????? ????????? ?? ???? ???? ??????? ??? ????????? ??? ?????? ?? ?? ??????? ?????? ??????
#??????",1,Twitter Web App,
Lilian Maarouf,1.33273E+18,?????,2/3/2022 16:16,"????? ?????? ?????? ??? ?????? ??? ??? ?? ?????? ??????? ?? ???? ?????? ????? ?????? ????? ???? ???? ?????..",22,Twitter for Android,
Ali Alfarhan,1.23812E+18,Syrian Arab Republic,2/3/2022 16:03,"?? ??????? ?? ????? #???? ?? #?????? ???? ???? ? ?????? ?? ???? ?? ???? ?? ??? ???????? ??????? ????? ???? ???????… https://t.co/8B23zgZdu0",0,Twitter for Android,
???? ????,1.3747E+18,Aleppo,2/3/2022 15:50,"#????_?????? || ???? ""???"" ??? ???? ???????? ??? ???????? ??? ?????? ??????? ???? ??? ????????? ???? ?????? ??????? ??????
#??????",1,Twitter Web App,
???? ????,1.3747E+18,Aleppo,2/3/2022 14:44,#????_?????? || ????? ?? ???66 ?. ? ?????? ????? ????? ??????? ??????? ????? ????? ?????? ????? ??? ?? ?????? ?????… https://t.co/ktuAT5qLUc,10,Twitter Web App,
???? ??????,1.41608E+18,????,2/3/2022 14:19,??? ????? ????? ????? ????? ???? ?? ????? ??? ??????? ?? ?????? ????? ???? ?????? ?????? ?? ????? ??????? ??? ????… https://t.co/Nkqigys0Hj,1,Twitter for Android,
???? ?????? ??????,2968305909,?????,2/3/2022 13:31,????? ?? ???66 ?. ? ?????? ????? ????? ??????? ??????? ????? ????? ?????? ????? ??? ?? ?????? ????? ???? ?? ??? ???… https://t.co/wigupY7gRX,0,Twitter for Android,
???? ????,1.3747E+18,Aleppo,2/3/2022 11:34,"#????_?????? || ???? ??? ???.????? ???? ??? ????? ????????? ???????? ?? ????? ???? ??? ??????? ???? ?? ????.???? ??… https://t.co/694V6N7sa7",50,Twitter Web App,
????,1.39571E+18,?????,2/3/2022 11:00,"@UxhdXuch @_saudia151 ??? ??????? ?? ??? ???????? ?? ?????
?????? ??????? ???? ????? ????? ????? ?? ???? ????? ????… https://t.co/ARKDoDCi0f",0,Twitter for Android,
???? ???? ?????????,3160279294,Syrian Arab Republic,2/3/2022 10:23,"#?????? 
???? ????? ??????? ?? ?????? #???? ??? ??????? ??????? ????? ???? ?????? ????? ?????? ?????? ?? ???? #???? ???? ????? ?????????.",8,Twitter for iPhone,
??????? ?????????,1.12103E+18,Syria aleppo,2/3/2022 10:22,"?????? ??????? ???? ????? ???????? ??????? ?? ???? ?????? ???????? ??? ???? ???? ???? ????? #?????????? ???? #??????",4,Twitter for Android,
??????? ?????????,1.12103E+18,Syria aleppo,2/3/2022 10:18,????? #???? ???????? ???????? ?????????? ??? ??? ?#?????? ?#????_??????? ?#???_????? ???? ??? ???? #??_??? -#???_????? #????_??????,3,Twitter for Android,
???? ????,1.3747E+18,Aleppo,2/3/2022 9:41,"#????_?????? || ???? ?????.????? ?????? ???????? ???????? ???? ????.?????? ??????.???? ?????.???? ???? ???????? ???… https://t.co/bcOWB66DXf",40,Twitter Web App,
???? ???? ?????????,3160279294,Syrian Arab Republic,2/3/2022 9:21,"#????? #?????? 
????? ?????? ?????? ?????? ???????? ????? ?????????? #???? ?? ???? ????????? ?? ??? #??_??? ???? ??????.",9,Twitter for iPhone,
???? ????,1.3747E+18,Aleppo,2/3/2022 9:01,"#????_?????? || ????? ???.???? ????? ???? ????? ????.???? ????? ????? ""???"" ?????? ?? ???? ???? ??? ????? ?????????… https://t.co/HVjkST5hO5",41,Twitter Web App,
Dlshad Jawish,381807176,Erbil,2/3/2022 8:57,"#???? / #????_???

?????? ??????? ?????? ???????? ???????? ???? ?????? ???????? ??????? ???? ???????? ????? ???????… https://t.co/CtEL8n6yVZ",0,Twitter for iPhone,
???? ???? ?????????,3160279294,Syrian Arab Republic,2/3/2022 8:48,"#????? #?????? 
#????
????? ????? ????? ?????? ????? ????? ????????? #??? ?????? ?? ???? ???? ??? ????? #????????? ???? #?????.",8,Twitter for iPhone,
Eekrem Berekat,2473635308,?????,2/3/2022 7:57,"?????? ??? ???????? ?????? ?? ??? ???????? ???????? ???????  ???? ?? ??? ????? ????????? ?????? ??????? ??????? ???… https://t.co/ZjtYXDvYSn",0,Twitter Web App,
Dlshad Jawish,381807176,Erbil,2/2/2022 22:56,?? ????? ????? #?????? ??????? ?????? ??? ?? ??? ???? ??? ???? ?????/ ???????? ?????? ?????? ?????? ?????? ??? ????… https://t.co/YEwc51LBZr,0,Twitter for iPhone,
Foza Yusuf,9.29753E+17,Syrian Arab Republic,2/2/2022 22:10,"#????? ?????? ???? ??????? ?? ?????? ? ???? ???? ????? ???????? ? ??? ???? ????? ??? #?????? ??? ??? ?????? ????… https://t.co/RPH76fkNmq",60,Twitter for iPad,
(???? ????)AHMED SHEKHO,1.22942E+18,KURDISTAN ,2/2/2022 17:35,????? ????? ?????? ?? ?? ???? ???????? ??????? ???????? ?????? ?? ????? ???? ????????? ???????? ???????? ??? ??????… https://t.co/KKLmaaWEFw,1,Twitter Web App,
???? ???? ?????????,3160279294,Syrian Arab Republic,2/2/2022 17:27,"#????? #?????? 
????? ???? ???? 20 ??????? ?? ????? ""??? ?????? ?????????? PKK”? ??? ???? #???? ??????? ??????? ???… https://t.co/aZ0afyoMRh",8,Twitter for iPhone,
???? ????,1.3747E+18,Aleppo,2/2/2022 16:24,"#????_?????? || ???? ?????.????? ?????? ???????? ???????? ???? ???.????? ???????.???? ?????.???? ????? ???? ????? ?… https://t.co/b8PJyZusUo",43,Twitter Web App,
???? ????,1.3747E+18,Aleppo,2/2/2022 16:23,"#????_?????? || ???.???? ??? ???.????? ????? ?????? ?? ??? ??????? ????? ?????? ???? ?????? ??????? ??????? ????? ?… https://t.co/4wVfuxzJSZ",37,Twitter Web App,
jutyar tamar sadeeq??,1.12359E+18,Kurdistan,2/2/2022 16:08,"@helenazad3 #?????_?????? .. ?????? ???? ????? ?? ??? ??????.. ???? ???? ?? ???.. ????? ??????? ??? ????? ??? ??? ?????? ????????.. 
??????",0,Twitter for iPhone,
jutyar tamar sadeeq??,1.12359E+18,Kurdistan,2/2/2022 16:05,???? ?????? ?? ????? ??????.. #????_????? ???? ???????? ?? ???? ????? ?? ??????.. #?????? ???? ??? ????? ?121 ????… https://t.co/BF1GMShcyi,6,Twitter for iPhone,
???? ????,1.3747E+18,Aleppo,2/2/2022 15:14,#????_?????? || ???? ?????.????? ?????? ????.???? ???????.???? ?????.???? ????? ??? ????? ???? ????? ???????? ????… https://t.co/eGcuCgWsEB,43,Twitter Web App,
Rola Dawud,1.35926E+18,????????,2/2/2022 14:31,??????? ??????? ??????? ?? ?? ??? ?? ??? ????? ??? ???? ?????? ???????? ? ??????? ?? ??????? ??? ??? ?????? ? ?????… https://t.co/EXgzz1412M,2,Twitter for Android,
???? ????,2885554689,?????,2/2/2022 14:31,"#????_???? 
#?????? :
???? "" ??? "" 11 ?????? ?? ????? ???????? ???? ????? ????? ???? ???? ????? ?????? ??? ??? ????… https://t.co/4o7tIXxED8",1,Twitter for Android,
??????? ?????????,1.12103E+18,Syria aleppo,2/2/2022 14:30,??? ???????? ?????? ???? ????????? ??? ????? ???? ???????? ???? ???? #??????,1,Twitter for Android,
Afrin center,3435747707,Afrin,2/2/2022 13:03,"??? ""????? ???????"" ?? ????? ??? ??? ???? ?? ????? ??????? ??????? ??? ?????? ???? ?????? ?????? ?? ????? ??????? ?… https://t.co/1hiPJozFHq",0,Twitter for Android,
Raound Ahmad,9.36573E+17,Kurdistan,2/2/2022 12:31,"??? ??? ????? ????? ????? 
??? ??? ?????? ??? ???????? ???????
??? ??? ????? ?????? 
??? ??? ??? ?????? ??????? ???… https://t.co/KX7ITTLzug",1,Twitter for iPhone,
Dlshad Jawish,381807176,Erbil,2/2/2022 12:23,"?????? ?????? ??????? ??? ????? ???????? ??? ???????? ??? ????????? ??????? ?? ????? ?????? ????????? ??? ??? ?????… https://t.co/uolhtURtjU",1,Twitter for iPhone,
???? ????,2885554689,?????,2/2/2022 10:16,"#????_???? 
#?????? ????? ??????? :
???? ???? ????? ?? "" ??? "" ??? ????? ? ????? ????? ????? ???? ??? ????? ????? ?… https://t.co/ZxmI6tii1L",0,Twitter for Android,
???? ????,1.3747E+18,Aleppo,2/2/2022 9:58,"#????_????? || ???? ""???"" ??? ???? ??????? ?? ???? ????? ???? ?????? ??????.
#??????",22,Twitter Web App,
???? ????,1.3747E+18,Aleppo,2/2/2022 9:57,"#????_?????? || ????? ???? ????? ???? ?????? ??????? ??????? ?????? ????? ?????? ????? ""???"" ????? ?????? ?????? ??… https://t.co/bfoNsxMmQw",36,Twitter Web App,
Shervan Derwish,1628459592,Manbij ,2/2/2022 9:16,?? ???? ????? ???? ????? ????? ? ????? ??? ???? ???? ??? ??????? ?????? ???? ???? ???? ?? ?????? ? ????? ????? ????… https://t.co/t09VWITBJJ,4,Twitter for iPhone,
???? ????,1.3747E+18,Aleppo,2/2/2022 7:25,#????_?????? || ????? ??.???? ?? ???.?? ??.??? ????? ?????.????? ?????? ????? ???????? ??? ???? ??? ??? ??????? ???… https://t.co/Tm3JskTqTJ,43,Twitter Web App,
Yazan19841984,1.16787E+18,?????,2/2/2022 6:51,"@ifDM2gxQywWvFWN @BergSawaz @DESEL434 @Kalmuqdad ????? ??????? ??????????????????????
?? 12 ???? ???? ?????? ??? ????? ???? ??… https://t.co/FsJVj1hjfk",0,Twitter for Android,
"???? ???? ??",1.31393E+18,????? ,2/1/2022 22:04,"@jabha_sy ???? ????? ??? ??? ???? ??? ????? ???????? #??? ?? ???? ????? #???????? ???? #?????? ???? ???? ??? ??????… https://t.co/vqLcudxfp7",0,Twitter for Android,
Afrin center,3435747707,Afrin,2/1/2022 21:43,"??? ??????... ??????? ?????? ?????
???????? ?? ????? ????? ??

#??????
#Hesekê https://t.co/hbpnOs08xj",0,Twitter for Android,
Berivan,1.1406E+18,Afrin ,2/1/2022 20:16,"????? ?? ??????? ?? ??? ??????? ???? ????? ????? ????? ?????
???? ?????? ?? ??? ???? ??? ???????? ???? ?????? ???
?… https://t.co/YYDIjdKAHg",3,Twitter Web App,
???? ????,1.09907E+18,?????,2/1/2022 20:04,???? ??? ????? ???? ???? ????? ??????? ????? ?????? ?? ????? ?????? ????? ?????? ?????? ???? ????? ?????? ??????? ?… https://t.co/7ekWB459MO,3,Twitter for iPhone,
Eekrem Berekat,2473635308,?????,2/1/2022 19:41,"#????
??? ????? ?????? ???? ?? ??????? ????? ?????? ??? ????? ????? ?? ???? ????? ????? ????? ?? ????? ???????? ???… https://t.co/yzWLuek8nY",0,Twitter for Android,
noureldin omar,593003656,???????? ,2/1/2022 18:35,"???? ???? ??????? ??  ????? ????????? ?????? ?? ???? ?? ???? ?????? ??? ???????? ???? ???? ?? ?? ?????? ?? ??? ????… https://t.co/KCOGo8P0rr",1,Twitter Web App,
???? ????,2885554689,?????,2/1/2022 16:41,"#????_???? 
#????? :
???? ??????? ?????? ???? ????? ????? ???????? ??????? ??? ???? ?????? ??????? ?? ?????? ???? ?… https://t.co/D8zQAJtVWd",1,Twitter for Android,
???? ????,2885554689,?????,2/1/2022 16:40,"#????_???? 
#?????? :
???? "" ??? "" ???? ??????? ? ???????? ?? ??? ????? ? ???????? ?????? ?????? ???? ????? ????? ?? ????? ????? ?????? .",0,Twitter for Android,
???? ????,2885554689,?????,2/1/2022 16:39,"#????_???? 
#?????? :
"" ??? "" ???? ?????? ???? ???? ? ???? ? ???? ???????? ??????? ?? ????? ?????? . https://t.co/vhgp1DmCAP",0,Twitter for Android,
Afrin center,3435747707,Afrin,2/1/2022 16:12,"????? ???????? ?????? ???????..
????? ????????
????? ??????

#?????? #?????? #????? 
#Heseke #Kobanî #Afrin https://t.co/xisaofng0u",0,Twitter for Android,
???? ????,1.3747E+18,Aleppo,2/1/2022 16:01,"#????_?????? || ???? ""???"" ???? ????? ??? 4 ????? ?? ???.???? ????.?? ????? ?? ??.??? ??????? ?? ????? ??? 47 ????? ?????? ??????
#??????",22,Twitter Web App,
Afrin center,3435747707,Afrin,2/1/2022 15:45,"?? ??????? ???? ???? ??? ????? ????? ?????? ?????....
#??????

#??????
#?????
#?????? https://t.co/IxylmlGwLi",0,Twitter for Android,
Afrin center,3435747707,Afrin,2/1/2022 15:43,"????? ????? ?? ??????? ?????? ?????? ??? ????? ????? ?????? ??? ??????.
#?????? 
#?????
#?????? https://t.co/mwd5AovG1E",0,Twitter for Android,
Abbas Abbas,1.43994E+18,Qamishli,2/1/2022 14:49,???? #???????? ?????? ??????? ???? ???? ???????? ??????? ??? ????? #?????? ????? ??? ?????. https://t.co/57SpI9BXoz,0,Twitter for iPhone,
???? ????,1.3747E+18,Aleppo,2/1/2022 11:32,"#????_?????? || ???? ""???"" ????? ????? ?? ???????? ??????? ??? ??????? ???????? ?????? ??????
#??????",41,Twitter Web App,
???? ???? ?????????,3160279294,Syrian Arab Republic,2/1/2022 9:57,"#????? #??????
#???? ???? ??????? ??????? ???? ????? ????? ???????? ??????? ????? ?? ????? ??????? ?????? ??????? ?… https://t.co/rAtcF01ro8",8,Twitter for iPhone,
???? ???????????? ?????????,1.09885E+18,Syrian Arab Republic,2/1/2022 9:31,"#?????????? 

???? ????? ????? ???? ???????? ?? ???? ???????

___
????? ?? ????????:
https://t.co/OyJNvelD9Y",0,Twitter for Android,
Shirinhejar,8.58116E+17,Kurdistan,2/1/2022 9:15,"???? ????? 
?????? ??????? ?????? ????? ?????? ??????? https://t.co/CG2Xs87Ih0",0,Twitter for Android,
??????? ??????? ??????? - ???,9.6312E+17,Syrian Arab Republic,2/1/2022 9:10,"???? | ??????? ??? ??? ???? ???????? ?? ?? ????? ?????? ??????.(???????)
#????? #?????_??? https://t.co/RMHTKlfUR5",0,Twitter Web App,
???? ???? ?????????,3160279294,Syrian Arab Republic,2/1/2022 9:05,"#?????? 
#????? ????? ????? ?????? ??????? ??????? ??????? #???? ???? ??? ?????? ??? ????? #???_?????? ??? ???? ???… https://t.co/RVvkuELitM",8,Twitter for iPhone,
???? ????,1.3747E+18,Aleppo,2/1/2022 8:53,"#????_?????? || ???? ""???"" ??? ???? ???????? ????? ???????? ?? ????? ???? ????? ??????
#??????",58,Twitter Web App,
Yilmaz Saeed,1325337734,Erbil,2/1/2022 7:50,"?? ???? ????? ????? ??????? ??? ???? ????? ""????"" ?? ""???????"" ???? ??????? ???? ??? ????????? ???????? ??? ??????… https://t.co/XqNDxatRns",0,Twitter for iPhone,
jenan A,7.77842E+17,????????,2/1/2022 5:22,??? ???? ????? ?????? ????? ???????? ???????? ???????? https://t.co/mAqToVEEWu,2,Twitter for Android,
(???? ????)AHMED SHEKHO,1.22942E+18,KURDISTAN ,1/31/2022 21:42,?????? ????? ?????? ???????? ?? ????? ???????? ??????? ??????? ?? ???? ???? ????? ????????? ?? ?????? ??????? ??? ?… https://t.co/qEjgr0yErv,1,Twitter for Android,
???? ???? ?????????,3160279294,Syrian Arab Republic,1/31/2022 20:56,"#????? #?????? 
????? ???? ?? 300 ???? ?? ????? ?????? #??? ? ?????? ??? ????? ??????? ? ????? ?? ???? ?????? ?? ??… https://t.co/EKeamMPLDX",8,Twitter for iPhone,
??????? ?????????,1.12103E+18,Syria aleppo,1/31/2022 18:35,#??? ???? ????? ????? ????? ?? ????? #?????? ?????? ????? ?????? ?? ???? ????? ???????,2,Twitter for Android,
jutyar tamar sadeeq??,1.12359E+18,Kurdistan,1/31/2022 18:28,????? ??????? ?????? ?????? ?? #?????? .. ??? ?? ????? ?????? ???????? ?? ?? ????? ???????? ????? ???? ????? ?? ???… https://t.co/BkC88fYxRc,2,Twitter for iPhone,
Ferman Colbek,1.47624E+18,"Iraquara, Brasil",1/31/2022 18:20,"?????? ????? ?? ??? ?????? 
????? ??? ????? ??????? 
???? ?????? 12 ?????? ??? ???????? ???? ????? ??? ??????? ?? ?… https://t.co/6OpNn8aKrW",12,Twitter for Android,
???? ????,2885554689,?????,1/31/2022 17:11,"#????_???? 
#?????? ????? ??????? :
????? "" ??? "" ???? ????? ?? ????? ??????? 6 ?? ??????? ????? ???? ???? ????? ??… https://t.co/47q4XkVAYJ",0,Twitter for Android,
???? ????,2885554689,?????,1/31/2022 17:11,"#????_???? 
#?????? :
"" ??????? ??????? "" ??????? ???? #PYD ???? ????? ????? ????? ?? ????? ?????? ??????? ?? ?????… https://t.co/Yc3KPdvaVO",0,Twitter for Android,
???? ????,2885554689,?????,1/31/2022 17:10,"#????_???? 
#?????? :
???? ????? ???? ?? "" ??? "" ????? ???? ????? ?????? ??? ??? ??????? ?? ????? ?????? ? ???? 40… https://t.co/bJKBUou1Dp",0,Twitter for Android,
???? ????,2885554689,?????,1/31/2022 17:10,"#????_????
#?????? ????? ??????? :
????? ?? ????? 6 ????? ????? ???????? ???? ????? ????? ??? ????? ?????? ???? ??… https://t.co/GhxGkc1oT5",0,Twitter for Android,
???? ????,1.3747E+18,Aleppo,1/31/2022 13:12,"#????_?????? || ???? ""???"" ??? ???? ???? ???? ????? ????? ????? ?? ????? ??????? ?????? ????? ?????? ??? ???? ?????… https://t.co/26iFnvaAZK",19,Twitter Web App,
???? ????,1.3747E+18,Aleppo,1/31/2022 13:12,"#????_?????? || ""???"" ???? ?? ???.??? 121 ?? ????? ??.??? ??????? ??????? ?????? ??????? ?????? ????????? ????? ???… https://t.co/Sei2tP6vtb",20,Twitter Web App,
????,1.47921E+18,?????,1/31/2022 13:04,@mzmgr941 ?? ???? ??? ?? ???? ??? ????? ??????? ??? ???? ??? ?? ??????? ??????? ?????? ??????? ???? ???????  ???? ?… https://t.co/puedILEBWe,0,Twitter for Android,
Abbas Abbas,1.43994E+18,Qamishli,1/31/2022 13:02,"???? #???????? ?? ???? ???? ????? ???? ?? ????? ????? ????? ?? ????? #?????? ??????? ???? #????? ?????? ?? ????… https://t.co/DrZxrQDkSG",0,Twitter for iPhone,
Eekrem Berekat,2473635308,?????,1/31/2022 12:50,"?? ??? ?????? ??? ??? ???????? ?? ??????? ?????? ????? ??????? ??? ??????? ?????? ?? ?????? ?????? ???? ?????? ???… https://t.co/HajL39Uub8",0,Twitter for Android,
???? ????,1.3747E+18,Aleppo,1/31/2022 12:46,"#????_?????? || ???? ????.??? ???????? ??????.???? ???? ""???"" ???? ??? ?? ???.?? ???.???? ???.???? ????.?? ???????… https://t.co/ZkAomQQXU7",62,Twitter Web App,
???? ????,1.3747E+18,Aleppo,1/31/2022 11:48,"#????_?????? || ???? ""???"" ???? ????? ????? ??????? ?? ?? ?????? ?? ?????? ???? ???? ??????? ????? ?? ???? ?????? ?… https://t.co/NkHUDcFn6b",39,Twitter Web App,
???? ???? ?????????,3160279294,Syrian Arab Republic,1/31/2022 11:07,"#????? #??????
#??? ?? ????? ?????? #???? ???????? ????? ????? ?? ??????? ???????? ?? "" ????? ?????? "" ?? ????? ???… https://t.co/OKf6yBBLlR",8,Twitter for iPhone,
Ahmad islam Alhiraki,1619992369,"Adiyaman, Turkey",1/31/2022 10:56,"??????? ??? ????? ???? ?? ?????? .
??? ???????? ???? ???? ??????? ????? ???? ?!
??????? ????? ?? ???? 500 ???? ?? ??? ??????",0,Twitter for Android,
??????? ?????????,1.12103E+18,Syria aleppo,1/31/2022 10:14,#???????_??? ?????????? ???? ????? ????? ??????? ?? ?? ?????? ?? #?????? ???? ???? ??????? ????? ?? ???? ?????? ???… https://t.co/2z2BLgQhTA,1,Twitter for Android,
??? ?????,2820610943,?????,1/31/2022 8:43,"#?????? 
???? ?????? ?????? ???? ???? ????? ??????? ???? ??????? ??????? ?? ?? #?????? ????? ????? ?? ??? ????? ???… https://t.co/bSikQpHcgs",10,Twitter for Android,
Rojname Soranî-?????,384215123,Kurdistan,1/31/2022 6:42,"?????? ?? ?????? ???? ?? ???? “????” ??????? ?? ?????? ????????
https://t.co/pIJabn9v5l",0,Kurdish News in Sorani,
???? ????,2885554689,?????,1/31/2022 1:34,"#????_???? 
#?????? :
???? ??????? ?????? ?? ????? ?????? ?? "" ??? "" ????"" ??? ?????? ?? ?????? ?? ????? ????? ????… https://t.co/T9SkINUMqt",0,Twitter for Android,
???? ????,2885554689,?????,1/31/2022 1:33,"#????_???? 
#?????? :
????? ??????? ??????? ????????? "" ???? "" ?? ????? ????? ???????? ?? ???? ?? ????? ????? ?????… https://t.co/CElsAzPvlc",0,Twitter for Android,
???? ????,2885554689,?????,1/31/2022 1:32,"#????_???? 
#?????? :
??? ????? ???? ????? ?????? ??? ??? ?????? ?????? ?????? ? ???? ????? ???? ??????? ??????? ??… https://t.co/9orGHRHvyS",0,Twitter for Android,
???? ????,2885554689,?????,1/31/2022 1:30,"#????_????
?????? ????? ???? ???? ??? ???? ??? ????? ?????? ?? ????? ""???"" ??????? ?????? ??? ??? ??????? ?? ?????… https://t.co/ae9lzWZ4rO",0,Twitter for Android,
???? ????,2885554689,?????,1/31/2022 1:30,"#????_???? 
#?????? :
??? ?? ???????? ?? ????? ?????? ??????? ????? ????? ???? ?????? ????? ?????? ??? ???? ?? ????… https://t.co/buI8fq35ez",0,Twitter for Android,
??????? ?????????,1.12103E+18,Syria aleppo,1/30/2022 20:43,???? #???  ???? ??????? ??????? ??? ???? ??? ???????? ???????? ???????? ???????? ??? ?????? ?????? #??????  ????? ?… https://t.co/edJs49FWO2,0,Twitter for Android,
????? ????????,63902915,????? ,1/30/2022 20:32,???? ??????? ?????? ??????? ????? ?????? ?????? ????? ????? ?? ???? 230 ? ? ???? ???? ????? ????? ???????? ????? ??… https://t.co/NMQu9v772g,0,Twitter Web App,
???? ??????,1539496452,????? ,1/30/2022 20:24,?????? ?? ????? ???? ???? ?????? ??????? ???? ?????? ????? ????? ??? ???? ???? ????? ??? ????? ??? ???????/?????? ?… https://t.co/VouLBWneEo,2,Twitter Web App,
??????? ?????????,1.12103E+18,Syria aleppo,1/30/2022 20:19,#??? ???? ?????? ????? ??? ??????? ???? ????? ????? ?? ?? #?????? ?????? ????? ?????? ??????? ?? ??? ????? #??????. https://t.co/IPtudSbCzf,0,Twitter for Android,
???? ??????,1539496452,????? ,1/30/2022 20:15,?? ?????? ?????? ???? ??? ????? ?????? ?????? ????? ????? ????? ???? ????? ????? ?? ??? ?????? ??????? ??????? ????… https://t.co/5De9TiMzEd,13,Twitter Web App,
???? ????,7.94649E+17,????,1/30/2022 19:30,"??????? ??? ???? ????? ?????? ?? ??????
???? ?????? ??????? ?????? ????

#???? #?????? https://t.co/WzMZXVXdml",0,Twitter for Android,
???? ????,1.3747E+18,Aleppo,1/30/2022 18:38,"#????_?????? || ???? ""???"" ???? ?????? ???????? ????? ??? ??????? ???? ????? ????? ?? ?? ?????? ?????? ????? ??????… https://t.co/zNfgfSvS8o",15,Twitter Web App,
?????????ElizabethHadoll??????????,9.61605E+17,?????,1/30/2022 18:33,"??????? ""???"" ???? ?????? ????? ??? ??????? ???? ?????? ?? ?? #?????? ?????? ????? ?????? ??????? ?? ??? ?????… https://t.co/IaDRzrMoas",3,Twitter for Android,
???? ????,1.3747E+18,Aleppo,1/30/2022 18:23,"#????_?????? || ???? ""??????? ??????"" ??? ?? ??? ????? ????.?? ??????.?????? ?? ??.??? ??????? ??? ?????? ?? ?????… https://t.co/dVXAaAL4Fd",14,Twitter Web App,
???? ????,1.3747E+18,Aleppo,1/30/2022 17:46,"#????_?????? || ???? ""???"" ???? ??????? ??????? ??? ??.??? ??????? ?? ?????? ??? ???????? ?? ?????? ???????.
#??????",3,Twitter Web App,
Abbas Abbas,1.43994E+18,Qamishli,1/30/2022 17:45,"???? ?????? ??????? ?? ???????
?????? ????? ????? ?????? #?????? ?? ?????? ?????????.. 

#HSD #SDF #QSD #Roj_Ava #",1,Twitter for iPhone,
???? ???,2428177410,?????,1/30/2022 16:23,???? ??????? ?????? ??????? ????? ?????? ?????? ????? ????? ?? ???? 230 ? ? ???? ???? ????? ????? ???????? ????? ??… https://t.co/tDjVH43PvR,0,Twitter Web App,
??? ?????? ???? | Asi,2485192388,Aleppo - Syria ,1/30/2022 16:00,"?? ?????? ????? ??? ???????? ???? PKK ???? ???? ??? ??? ??????? ?? ?????? ?????? ?????? ???? ????? ??? ?????? ?????… https://t.co/kPc4XcINqW",3,Twitter Web App,
noureldin omar,593003656,???????? ,1/30/2022 15:57,??? ???? ????? ????? 30 ????? 2022 ?????? ???? ??????? ?? ??? ??????? ??? ?????? ?? ?????? ?????? ?????? ??????? ??… https://t.co/SoeKKHhqBq,0,Twitter for Android,
???? Online,1.36491E+18,Syria Idlib,1/30/2022 14:28,??? ???? ????? ???.??????? ??? ???????.??????? ???????? ?? ??????? ???? ??????? ?????? ????? ??????. https://t.co/4zDVU93B19,67,Twitter for Android,
???? ???????????? ?????????,1.09885E+18,Syrian Arab Republic,1/30/2022 14:02,"#??????????

?????? ????????? ?????? ????? 200 ?? ?????? ""?????"" ?? ???? ???????? ?? ???????
_
????? ?? ????????:
https://t.co/kJMMrAfs36",0,Twitter for Android,
??????? ??????? ??????? - ???,9.6312E+17,Syrian Arab Republic,1/30/2022 13:30,"?????? | ???? ???? ????? ""??????? #???"" ???????? ?? ??????? ???? ??????? ?? ????? ????? #?????? https://t.co/hD03GLEkC2",0,Twitter Web App,
???? ???? ?????????,3160279294,Syrian Arab Republic,1/30/2022 11:54,"#?????? 
?? ???? #??? 
?????? #??? ????? ????? ???????? ??  ?????? , ???? ????? ?????? ???? ?? ????? ""????? ??????""… https://t.co/VEKI1ffiOO",11,Twitter for iPhone,
???? ???? ?????????,3160279294,Syrian Arab Republic,1/30/2022 11:41,"#?????? 
?? ???? #??? 
?????? #??? ????? ????? ???????? ??  ?????? , ???? ????? ?????? ???? ?? ????? ""????? ??????""… https://t.co/F3TPIGl39G",10,Twitter for iPhone,
???? ????,1.3747E+18,Aleppo,1/30/2022 11:39,"#????_?????? || ???? ""???"" ???? ?? ????? ????? ??? ???? ???.??? ?? ????.?? ?? ?????? ??????? ??? ????????? ???? ??????.
#??????",41,Twitter Web App,
Osama ?????????,1.42396E+18,Free Syria,1/30/2022 11:18,?? ??? ???? ???.???? ?????.???? #??? ?? #?????? ??? ????? ????? 200 ???.??? ???? ??? ??? ?????.???????? https://t.co/zfK3GzPLTU,0,Twitter for Android,
???? ????,1.3747E+18,Aleppo,1/30/2022 9:36,"#????_?????? || ????? ?????? ??? ???????? ????? ""???"" ?????? ???????? ?? ????? ????????? ????????? ?????? ??????? ?… https://t.co/n8vxdUFjnU",41,Twitter Web App,
???? ????,1.3747E+18,Aleppo,1/30/2022 9:35,"#????_?????? || ???? ""???"" ??? ???? ??????? ?? ???? ????? ??? ???? ???? ????? ???? ???? ??????.
#??????",42,Twitter Web App,
???? ????,1.3747E+18,Aleppo,1/30/2022 9:35,"#????_?????? || ???? ?????? ????????? ?????? #???????? ??? ??????? 11 ?????

??? ???? ??? ???? ?????? ?????? ???? ?… https://t.co/2iu4T9RK6U",40,Twitter Web App,
???? ???? ?????????,3160279294,Syrian Arab Republic,1/30/2022 8:38,"#????? #??????

???? ?????? #??? ???? ???? ??? ?? #???????? ???? ????? ?????? ? ?? ???? ?????? ?????? ???? ????? ??… https://t.co/p7D4pqVHHU",5,Twitter for iPhone,
???? ????,1.3747E+18,Aleppo,1/30/2022 7:57,"#????_?????? || ?????? ??? 18 ???.?? ???? ????? ""???"" ?? ??? ??????? ?????? ??????. 
#??????",20,Twitter Web App,
???? ????,2885554689,?????,1/29/2022 20:46,"#????_???? 
#?????? :
????? ?????? ??? ??????? ??? ????? "" ??? "" ??????? ??? ??? ?????? ?? ?????? ???? ?? 100 ????… https://t.co/nGWx4P0iNg",0,Twitter for Android,
???? ????,2885554689,?????,1/29/2022 20:45,"#????_???? 
#??????  ????? ??????? :
???? "" ??? "" ???????? ???? ? ???? ??????? ?? ????? ?????? ???????? ?? ????? ??… https://t.co/eVXtYSBAuk",0,Twitter for Android,
???? ????,2885554689,?????,1/29/2022 20:45,"#????_???? 
#?????? :
?????? ???????? ????? ??? ?????? ?? ????? ?????? ? "" ??? "" ?????? ????? ??????? ?????? ?? ???… https://t.co/S9PtFmw3lo",0,Twitter for Android,
???? ????,2885554689,?????,1/29/2022 20:44,"#????_???? 
#?????? :
???? ???? ???? ???? ?????? ???? ???? ????? ???????? ???????? ???? ??????? ???? ??????? ??? ""… https://t.co/Zco5Z0d8Lh",0,Twitter for Android,
??????? ??????? ??????? - ???,9.6312E+17,Syrian Arab Republic,1/29/2022 20:44,"????? ?????: ???? ???? “ #????” ?? #?????? “????? ???? ????""

https://t.co/BtcYFIQfQ2",0,Twitter Web App,
???? ???????????? ?????????,1.09885E+18,Syrian Arab Republic,1/29/2022 20:20,"#??????????

?????? ??????? ????? ?????? ??????? ""????"" ????? ?? ""?????"" ????? ???? ???????
__
????? ?? ????????:
https://t.co/l1AqRlQG9Z",0,Twitter for Android,
???? Online,1.36491E+18,Syria Idlib,1/29/2022 20:07,???? ?????? ?????? ????? ??????? ???? ????? ??????? ??????? ???????? ?? ???? ????? ?????? ?????? ???? ???? ???R????… https://t.co/u9cGTlum4I,76,Twitter for Android,
??????? ??????? ??????? - ???,9.6312E+17,Syrian Arab Republic,1/29/2022 19:58,"??????? “#???” ???? 20 ?????? ???????? ?? #?????? 

https://t.co/379bdonnMD",0,Twitter Web App,
???? ????,1.3747E+18,Aleppo,1/29/2022 19:41,"#????_?????? || ???? ""???"" ??? ???? ??????? ?? ????? ??????? ???? ???? ??????
#??????",1,Twitter Web App,
???? ???? ?????????,3160279294,Syrian Arab Republic,1/29/2022 17:50,"????? ???? ???? ????? ???? #????? ?????? ?????? ?????? #??? ????? ???? ?????? ? ??? ??? ?????? ???? ????? ?? ??????… https://t.co/q18kDqBBWZ",6,Twitter for iPhone,
???? ????,1.3747E+18,Aleppo,1/29/2022 16:17,"#????_?????? || ???? ??????.?????? ??? ????? ??.????? ????.?? ????????? ?? ??????? ??????? ?? ?? ?????? ????? ""???""… https://t.co/HuGDPUC7ow",66,Twitter Web App,
???? ????,2885554689,?????,1/29/2022 16:00,"#????_???? 
#?????? :
???? ????? ?????? ??? 6 ?? ??? ???? ?????? ?????? ???????? ???????? ????? ??????? ????? ?????… https://t.co/eGzL2lkV8O",0,Twitter for Android,
???? ????,2885554689,?????,1/29/2022 15:59,"#????_???? 
#??????  ????? ??????  #????
?????? ???? ?? ?????? ?????? ?? ???? ????? ???????? . https://t.co/WaNru6x1Hy",1,Twitter for Android,
???? ???? ?????????,3160279294,Syrian Arab Republic,1/29/2022 14:52,"#????? #?????? 
#????? ???? ?????? #??? ? ???? ??? ?????? ?? ""????? ?????? "" ?????? ?????? ?? ???? ??? #??????? ??… https://t.co/pYOOBkJIgZ",7,Twitter for iPhone,
Abbas Abbas,1.43994E+18,Qamishli,1/29/2022 14:26,"#????? ???? ???? ??? ??? ?? ????? #????? #???? ????????? ???????? ?#?????_?????_??????????? ?? #??? ??????? ??????… https://t.co/1LKsap69VP",1,Twitter for iPhone,
???? ???????????? ?????????,1.09885E+18,Syrian Arab Republic,1/29/2022 14:11,"#??????????

???????? ???????? ???? ????????? ???????? ?????? ??? ??????? ?? ????? ????? ?????? ???? ???????
_
????… https://t.co/yLSx5ASsLB",0,Twitter for Android,
??? ?????,2820610943,?????,1/29/2022 13:59,"??? ???? ?? ?????? ?? ????? ????? ??????? ?????? ??? ?? ???? ??????? ???????? !
????? ??? ?? ?????? ????????? ??? ?… https://t.co/LbEeFIh9uM",13,Twitter for Android,
??? ???? ??????,8.90171E+17,?????_??? ,1/29/2022 13:25,"??? ???? ?? ????? ""????"" ?? ????? ??????? ???? #???_??????? ?? ?? #?????? ?????? #?????? ??????? ?????? ??????????… https://t.co/2wvsfNo2u3",0,Twitter for Android,
???? ????,1.3747E+18,Aleppo,1/29/2022 13:09,"#????_?????? || ????""???"" ????? 80 ??? ???? ???? ??????? ???? ????? ?? ??????? ?? ????? ??????
#??????",40,Twitter Web App,
????? ?????,3750304158,Syrian Arab Republic,1/29/2022 13:08,"????? ??? ????? ???????? ?? ??? ???????? ??? ??????? ???????? ??? ???? ???????? ??????? ..
???? ??????? ????? ??? ?… https://t.co/iwt9MNhMqk",0,Twitter for iPhone,
???? ???? ?????????,3160279294,Syrian Arab Republic,1/29/2022 12:35,"#????? #?????? 
#????:  ?????? ??????? ??????? ??? ??? ?? ?????? ?????? ?? ???? #????? ?????? ?????? ?????? . https://t.co/rK2neTNseA",7,Twitter for iPhone,
???? ???? ?????????,3160279294,Syrian Arab Republic,1/29/2022 12:27,"#????? #?????? 
#????: ???? ????? ?? ????? ?????? #??? ?? ?????????? ???? ???? ???? ?? ????? ""????? ??????"" , ?????… https://t.co/sDafRG1ioV",6,Twitter for iPhone,
???? ???? ?????????,3160279294,Syrian Arab Republic,1/29/2022 11:57,"#???? : ???? ?????????? ??? ????? "" ????? ?????? "" ??????? #??? ? ?? ?? #?????? ????? ????? ?????? .",6,Twitter for iPhone,
???? ????,1.3747E+18,Aleppo,1/29/2022 11:45,"#????_?????? || ????.?????? ??? ???? ""???"" ????? ???.????? ????.?? ??? ????? ????? ??????? ??? ?????? ?? ????? ??????.
#??????",15,Twitter Web App,
Eekrem Berekat,2473635308,?????,1/29/2022 9:59,"?????? ????? ????? ?? ??? ??????? ?????? #??????
#ANHA https://t.co/tFCH7Ggnth",0,Twitter for Android,
??????? ?????????,1.12103E+18,Syria aleppo,1/29/2022 9:20,"???? ???? #??? ?????? ?????? ""??????? ??????"" ???? ????? ???? ??????? ????????? ?? ???? ? ??????? ?????? ????? ????… https://t.co/F9LlVLYkhz",2,Twitter for Android,
???? ???? ?????????,3160279294,Syrian Arab Republic,1/29/2022 8:22,"#?????? 
??????? ????? ?????? ????? ??????? #??? ?????????? ??????? ?? ??? ???? ????? ?????? ? ?????? ?? ????? "" ?????? "" ???? ???? ?????? .",7,Twitter for iPhone,
???? ???????????? ?????????,1.09885E+18,Syrian Arab Republic,1/29/2022 8:07,"#??????????
??????? ?? ??????? ????????? ???? ????? ?????? ????? ?? ??????? 
___
????? ?? ????????:

https://t.co/fWB7TG2au3",0,Twitter for Android,
???? ????,1.3747E+18,Aleppo,1/29/2022 7:27,"#????_?????? || ?????? ""???"" ?????? ?????? ?? ????? ??? ????? ????? ????? ???? ????? ????? ???????? ?? ??????? ?????? ??????. 
#??????",43,Twitter Web App,
???? ????,1.3747E+18,Aleppo,1/29/2022 7:27,"#????_?????? || ???.???? ?????  ?? ???? ""???? ??????????"" ??????? ?? ""???"" ?? ??? ??? ????? ?????? ?????? ""???? ???… https://t.co/Xd1ITewk89",44,Twitter Web App,
???? ??????? - ????,1.43397E+18,??????,1/29/2022 6:23,@Tiger_forces_ ?? ?????? ???? ????? ?? ??? ??????? ??? ??? ????? https://t.co/46pMsqG90b,0,Twitter for Android,
???? ????,1.09907E+18,?????,1/28/2022 23:11,"??? ?????? ??? ?????? ""??? ??????? ??? ???? ??????? ?? ???? ????? ??????????? ????? ?????? ?????? ?????? ?? ??????.… https://t.co/dh4K7tygjb",0,Twitter for iPhone,
???? ????,1.09907E+18,?????,1/28/2022 20:59,???? ????? ??????? ???????? ????? ?????? ??????? ?????? . #????? #?????? #????_?????_??????????? #?????_??????… https://t.co/Xg9VKL0X2s,0,Twitter for iPhone,
???? ????,2885554689,?????,1/28/2022 20:54,"#????_???? 
#?????? :
????? ?????? ??? ??????? ?????? ???? ?? 100 ?????? ?? ?????? ????? ?????? ??????? ??? ???????… https://t.co/0Qx4RJCqHA",0,Twitter for Android,
???? ????,2885554689,?????,1/28/2022 19:04,"#????_???? 
#?????? ????? ?????? :
???? ???????? ??????? ????? ?? ???? ????? ? ????? ???? ?? ????? ???? "" ???? "" ?… https://t.co/zPkYAvQuAZ",0,Twitter for Android,
